date,period_return,cumulative_return,portfolio_value,portfolio_value_change,num_bought,num_sold,bought_tickers_scores,sold_tickers_scores,bought_avg_score,sold_avg_score
2009-01-01,-0.09099157169526724,-0.09099157169526728,0.9090084283047327,-0.09099157169526728,60,0,ORLY:1.6308 | UNH:1.4063 | BMY:1.3995 | MAT:1.2442 | ODFL:1.1532 | CDNS:-1.2635 | NWL:-1.8074 | BAC:-1.3631 | DRI:2.0903 | NFX:-1.5961 | WRB:1.4507 | WMB:-1.3061 | HRB:1.4062 | DAL:2.5213 | EA:-1.8662 | AMD:-1.4878 | FIX:1.2265 | NEM:1.3086 | NOV:-1.7279 | BBT:1.2947 | VMC:1.3180 | STX:-1.2614 | F:-1.6207 | SLB:-1.5478 | REGN:1.1844 | VTR:1.7175 | GILD:1.0985 | RJF:-1.3232 | AZO:1.9808 | HP:-1.4191 | FTI:-1.5950 | RVTY:-1.6665 | AXP:-1.7302 | WDC:-1.3367 | CBRE:-1.7425 | MKTX:1.6799 | LULU:-2.1412 | LII:1.1795 | URBN:-1.5893 | EOG:-1.4046 | EME:1.8980 | BBY:1.2402 | MNST:1.3991 | WY:-1.4018 | DXC:1.1301 | ZION:-1.3187 | DGX:1.0961 | VRTX:1.6842 | FCX:-1.3886 | TXT:-1.6532 | ARE:1.1186 | NUE:1.2617 | BKR:-1.2697 | DD:-1.6748 | A:-1.5579 | DECK:1.1172 | TTWO:-2.6294 | UNM:1.1336 | HUM:1.1481 | CF:-1.3767,None,-0.0758168809572082,
2009-01-31,-0.07028819594933347,-0.15488413422354597,0.845115865776454,-0.06389256252827868,50,50,ALL:-1.5482 | DPZ:1.3632 | DLTR:1.5997 | EW:1.3217 | ANF:-1.5756 | PNW:1.4875 | ATO:1.1469 | AMZN:1.3255 | USB:-1.9290 | ED:1.3333 | CMS:1.5582 | HST:-1.6553 | NTRS:1.1619 | IP:-1.4668 | MTB:-1.5294 | STT:-2.2301 | COF:-2.4738 | INCY:-1.5392 | RMD:1.4064 | HOG:-1.7741 | WEC:1.3627 | ULTA:-1.4532 | CNP:1.1934 | NYT:-1.9510 | SLM:1.5950 | LDOS:1.2001 | URI:-2.2265 | MCK:1.3698 | AIV:-1.4726 | PNC:-1.5455 | AFL:-2.3612 | AA:-2.1278 | TRMB:-1.5174 | STE:1.1387 | VTRS:1.6960 | MU:1.5545 | SBAC:1.1851 | WYNN:-1.7999 | CAT:-1.5091 | ABT:1.3398 | BAX:1.3411 | PLD:-1.8643 | LHX:1.4808 | TDY:-1.7088 | BDX:1.1551 | MS:1.2862 | HSY:1.4709 | TFX:1.2403 | SJM:1.2963 | BX:-2.0415,MAT:1.2442 | ORLY:1.6308 | CDNS:-1.2635 | BMY:1.3995 | ODFL:1.1532 | NWL:-1.8074 | DRI:2.0903 | NFX:-1.5961 | WRB:1.4507 | WMB:-1.3061 | HUM:1.1481 | HRB:1.4062 | DAL:2.5213 | EA:-1.8662 | AMD:-1.4878 | FIX:1.2265 | NEM:1.3086 | BBT:1.2947 | VMC:1.3180 | F:-1.6207 | SLB:-1.5478 | REGN:1.1844 | VTR:1.7175 | GILD:1.0985 | RJF:-1.3232 | AZO:1.9808 | HP:-1.4191 | FTI:-1.5950 | RVTY:-1.6665 | AXP:-1.7302 | WDC:-1.3367 | LULU:-2.1412 | MKTX:1.6799 | LII:1.1795 | URBN:-1.5893 | EOG:-1.4046 | EME:1.8980 | BBY:1.2402 | WY:-1.4018 | DXC:1.1301 | DGX:1.0961 | FCX:-1.3886 | ARE:1.1186 | NUE:1.2617 | BKR:-1.2697 | A:-1.5579 | TTWO:-2.6294 | UNM:1.1336 | NOV:-1.7279 | CF:-1.3767,-0.09380224340421751,-0.022845086102570602
2009-03-02,0.20946968291043983,0.022142018203229696,1.0221420182032297,0.17702615242677566,42,42,BKNG:2.2821 | ORLY:2.4666 | DHI:2.0682 | WFC:-1.6606 | NWL:-1.5948 | PRU:-2.0680 | HRL:1.4529 | WBD:1.3872 | DRI:1.4004 | TEL:-1.8229 | MA:1.3417 | LKQ:1.6188 | VNO:-1.6511 | NEM:1.5930 | V:1.5714 | TJX:1.3367 | TYL:1.5092 | AZO:1.9462 | UDR:-1.5961 | AXP:-1.5507 | AKAM:1.9523 | MKTX:1.4698 | MET:-1.7413 | FIS:1.5072 | TMUS:1.3044 | WHR:-1.7649 | AAP:2.1647 | TDC:1.4442 | MAS:-1.8336 | ILMN:1.5714 | KIM:-2.1564 | BR:1.9287 | SWKS:2.0148 | GE:-1.5343 | ROL:1.2624 | AN:1.4919 | R:-1.5842 | CMG:1.4349 | JBL:-1.5647 | LYV:-1.9162 | TDG:1.5140 | CF:1.4654,ALL:-1.5482 | DPZ:1.3632 | DLTR:1.5997 | UNH:1.4876 | EW:1.3217 | ANF:-1.5756 | PNW:1.4875 | ATO:1.1469 | USB:-1.9290 | ED:1.3333 | CMS:1.5582 | NTRS:1.1619 | MTB:-1.5294 | STT:-2.2301 | INCY:-1.5392 | RMD:1.4064 | STX:-1.5271 | WEC:1.3627 | HOG:-1.7741 | ULTA:-1.4532 | CNP:1.1934 | NYT:-1.9510 | LDOS:1.2001 | MCK:1.3698 | PNC:-1.5455 | TRMB:-1.5174 | STE:1.1387 | MU:1.5545 | SBAC:1.1851 | CAT:-1.5091 | ABT:1.3398 | BAX:1.3411 | LHX:1.4808 | TDY:-1.7088 | VRTX:1.8912 | BDX:1.1551 | DECK:-1.7252 | MS:1.2862 | HSY:1.4709 | TFX:1.2403 | SJM:1.2963 | BX:-2.0415,0.43954423513323215,0.19685976444071
2009-04-01,0.11313586268260527,0.13778293721679136,1.1377829372167914,0.11564091901356166,38,38,DLTR:1.2183 | AES:-1.5807 | BMY:1.1273 | PVH:1.3079 | EXR:-1.6244 | BLK:1.2754 | GLW:1.0881 | STZ:-1.1416 | AMD:1.3616 | HAL:-1.3971 | INCY:-1.5224 | BXP:-1.4328 | TLAB:1.2077 | CTAS:1.0825 | RSG:-1.4324 | RJF:1.6184 | HP:-1.1835 | CME:1.4406 | WDC:1.8311 | FHN:1.1744 | BK:1.1612 | MCK:-1.2126 | KMX:1.8446 | ROST:1.3265 | MU:1.2927 | FE:-1.2715 | BBY:2.0127 | TT:-1.2311 | XRX:-1.8869 | CNX:-1.5467 | ICE:1.3440 | LHX:-1.7364 | GD:-1.1695 | ARE:-1.6246 | BKR:-1.2370 | NRG:-1.2024 | TFX:-1.4058 | BX:1.2213,BKNG:2.2821 | DHI:2.0682 | WFC:-1.6606 | NWL:-1.5948 | PRU:-2.0680 | HRL:1.4529 | WBD:1.3872 | TEL:-1.8229 | BAC:-2.6700 | MA:1.3417 | LKQ:1.6188 | IP:-2.1268 | NEM:1.5930 | V:1.5714 | TJX:1.3367 | TYL:1.5092 | UDR:-1.5961 | AXP:-1.5507 | AKAM:1.9523 | MKTX:1.4698 | CBRE:-1.6400 | MET:-1.7413 | AFL:-1.6646 | FIS:1.5072 | AA:-1.4799 | WHR:-1.7649 | AAP:2.1647 | VTRS:2.0069 | TDC:1.4442 | MAS:-1.8336 | GE:-1.5343 | ROL:1.2624 | PLD:-1.6534 | R:-1.5842 | DD:-2.3352 | JBL:-1.5647 | TDG:1.5140 | CF:1.4654,-0.02376504151943779,-0.07731318865662919
2009-05-01,-0.008015265344130313,0.1286633050709749,1.128663305070975,-0.009119632145816459,47,47,BKNG:1.1025 | DPZ:1.4626 | WSM:1.4423 | DHI:1.9716 | NDAQ:-1.0947 | SEE:1.1172 | BAC:-0.9683 | MRK:-1.0220 | TPR:1.5793 | HRB:-1.5538 | IP:1.1604 | FSLR:1.2111 | EMN:1.1342 | NSC:-0.9623 | COP:-0.9602 | HOG:1.4214 | F:3.0000 | CPB:-1.0545 | REGN:-1.1841 | LULU:1.5770 | AEE:-1.1529 | IRM:1.1475 | BWA:1.1895 | AXP:1.8193 | MOS:-1.2338 | CBRE:1.6610 | MKTX:1.1272 | PCAR:1.1025 | KLAC:1.1279 | INTU:-0.9961 | MAR:1.4386 | ABT:-1.2335 | BAX:-0.9608 | IBKR:-1.3239 | LUV:-1.0214 | BDX:-1.0752 | R:-1.4219 | BG:-1.2231 | DECK:-0.9745 | ALGN:2.3620 | TTWO:-0.9856 | KEY:-1.9236 | SBUX:1.2553 | ATI:1.4060 | RHI:1.2026 | EXPE:1.6131 | ETR:-1.0524,DLTR:1.2183 | AES:-1.5807 | BMY:1.1273 | ORLY:1.0890 | PVH:1.3079 | EXR:-1.6244 | AMZN:1.1286 | DRI:2.0431 | BLK:1.2754 | GLW:1.0881 | AMD:1.3616 | VNO:-1.2763 | HAL:-1.3971 | COF:-1.5911 | BXP:-1.4328 | TLAB:1.2077 | CTAS:1.0825 | RSG:-1.4324 | AZO:1.4927 | HP:-1.1835 | URI:-1.4980 | MCK:-1.2126 | WDC:1.8311 | FHN:1.1744 | BK:1.1612 | AIV:-1.5804 | KMX:1.8446 | ROST:1.3265 | TMUS:1.2313 | MU:1.2927 | WYNN:-2.0018 | FE:-1.2715 | BBY:2.0127 | ILMN:1.1927 | XRX:-1.8869 | CNX:-1.5467 | KIM:-2.4545 | BR:1.3531 | SWKS:1.5069 | ICE:1.3440 | LHX:-1.7364 | GD:-1.1695 | TXT:-1.8758 | BKR:-1.2370 | TFX:-1.4058 | LYV:-2.9606 | BX:1.2213,0.23943742098346335,-0.030659270458087404
2009-05-31,-0.0394089162995326,0.08418390735107906,1.084183907351079,-0.04447939771989584,45,45,MMC:-1.3566 | AON:-1.3027 | AES:1.8892 | STLD:1.2793 | GRMN:-1.2337 | HOLX:-1.2421 | PRU:1.7258 | WBD:1.9420 | TER:1.5021 | TPL:1.3517 | NFX:1.6540 | CMCSA:-1.1759 | WRB:-1.0429 | PHM:-1.9751 | AIZ:-1.1407 | DAL:-1.4088 | TSN:1.9510 | AMD:1.9171 | SNA:-1.0287 | FIX:-1.2103 | NEM:1.5883 | STT:1.8223 | AXON:-1.0858 | VMC:-1.1231 | MUR:1.3101 | GS:1.4910 | FTI:1.3959 | URI:-2.5582 | SW:3.0000 | AA:-1.0167 | FAST:-1.1854 | WYNN:-1.1786 | FE:-1.3406 | TDC:1.8660 | CNX:1.7289 | KIM:-1.4487 | ICE:2.0777 | PLD:-1.2692 | FCX:2.0687 | GHC:-1.3490 | MPWR:1.3716 | MS:2.1532 | ON:1.9431 | FFIV:1.4114 | NOV:1.2937,DPZ:1.4626 | WSM:1.4423 | NDAQ:-1.0947 | SEE:1.1172 | BAC:-0.9683 | MRK:-1.0220 | TPR:1.5793 | HST:1.3620 | IP:1.1604 | FSLR:1.2111 | EMN:1.1342 | NSC:-0.9623 | COP:-0.9602 | INCY:-1.9191 | F:3.0000 | CPB:-1.0545 | REGN:-1.1841 | LULU:1.5770 | AEE:-1.1529 | IRM:1.1475 | RJF:-1.6850 | BWA:1.1895 | AXP:1.8193 | SLM:-1.9786 | CBRE:1.6610 | PCAR:1.1025 | KLAC:1.1279 | INTU:-0.9961 | MAR:1.4386 | TT:1.2490 | MNST:1.1386 | ABT:-1.2335 | BAX:-0.9608 | IBKR:-1.3239 | ZION:-1.6415 | AN:1.7991 | BDX:-1.0752 | DECK:-0.9745 | ALGN:2.3620 | CMG:1.4340 | SBUX:1.2553 | NRG:-1.0608 | ATI:1.4060 | RHI:1.2026 | ETR:-1.0524,0.3124756012458038,0.26841667343282916
2009-06-30,0.06928103071350099,0.15929728593535275,1.1592972859353528,0.0751133785842737,45,45,ODFL:1.4845 | MSI:1.3465 | USB:-1.1920 | BLK:1.3166 | GLW:1.3009 | ESS:-1.1525 | AMP:-1.2875 | COF:-1.3553 | COP:-1.1611 | STX:2.6184 | MSCI:1.6363 | VRSN:-1.9010 | F:1.7683 | CAH:-1.6045 | ULTA:2.3440 | NYT:-2.0599 | SLM:2.2343 | UDR:-1.1484 | BWA:1.4364 | WDC:1.7460 | CBRE:3.0000 | AIV:-1.1501 | WAT:1.5766 | EQR:-1.1330 | WAB:-1.2381 | AFL:-1.3031 | KMX:2.6109 | BIIB:-1.2719 | PNC:-1.6287 | TMUS:-2.0130 | WY:-1.1852 | MNST:-1.4197 | ZION:-2.4643 | SWKS:1.1295 | GE:-1.6313 | AN:1.8903 | LHX:-1.3030 | VLO:-2.3758 | VRTX:1.7328 | TXT:-2.1228 | DECK:1.1494 | NRG:1.3179 | IVZ:1.3059 | SJM:1.4862 | LYV:-1.8779,MMC:-1.3566 | AON:-1.3027 | STLD:1.2793 | GRMN:-1.2337 | DHI:-1.4283 | HOLX:-1.2421 | PRU:1.7258 | WBD:1.9420 | TER:1.5021 | TPL:1.3517 | NFX:1.6540 | CMCSA:-1.1759 | WRB:-1.0429 | PHM:-1.9751 | AIZ:-1.1407 | HRB:-1.2472 | TSN:1.9510 | STZ:-1.0236 | AMD:1.9171 | FIX:-1.2103 | NEM:1.5883 | STT:1.8223 | AXON:-1.0858 | VMC:-1.1231 | HOG:-1.8452 | MUR:1.3101 | FTI:1.3959 | URI:-2.5582 | CME:2.3466 | MKTX:1.2704 | AA:-1.0167 | FAST:-1.1854 | WYNN:-1.1786 | FE:-1.3406 | CNX:1.7289 | LUV:-1.3517 | PLD:-1.2692 | FCX:2.0687 | R:-0.9868 | BG:1.7228 | GHC:-1.3490 | MS:2.1532 | TTWO:-1.2695 | NOV:1.2937 | EXPE:2.4716,-0.012190893540132983,0.03459006581353507
2009-07-30,0.11800564395408232,0.29610090869637395,1.296100908696374,0.1368036227610212,0,0,None,None,,
2009-08-29,0.1353286927275967,0.4715005503133045,1.4715005503133045,0.17539964161693056,44,44,NOC:-1.1424 | KR:-1.4184 | PVH:1.6191 | NDAQ:-1.1943 | CMI:1.5468 | CNC:-1.1061 | NFX:1.4889 | HRB:-1.3823 | POOL:2.2512 | IP:1.9303 | EMN:1.9934 | FSLR:-1.1208 | INCY:2.6294 | CSGP:-1.1244 | MCO:-1.5342 | HOG:2.0427 | ISRG:2.8338 | ROK:1.7334 | LULU:2.8085 | LDOS:-1.2151 | BK:-1.3470 | MCD:-1.3133 | AKAM:-1.9260 | PRGO:-1.1966 | KLAC:1.5003 | WHR:1.9598 | WYNN:2.1256 | MU:1.9456 | MAS:2.5785 | TT:2.5920 | CAT:1.5206 | JBHT:-1.2145 | ABT:-1.4200 | AME:-1.3156 | TDY:-1.1451 | BRO:-1.2109 | FCX:1.7746 | SYK:-1.2274 | LMT:-1.4871 | BDX:-1.5645 | DD:1.6480 | SBUX:1.8585 | ATI:-2.0602 | EXPE:2.8847,BKNG:1.1460 | AES:2.0454 | ODFL:1.4845 | MSI:1.3465 | USB:-1.1920 | BLK:1.3166 | GLW:1.3009 | DAL:-1.1834 | ESS:-1.1525 | SNA:-1.2331 | AMP:-1.2875 | COP:-1.1611 | MSCI:1.6363 | VRSN:-1.9010 | CAH:-1.6045 | ULTA:2.3440 | GS:1.2321 | UDR:-1.1484 | SW:1.4426 | BWA:1.4364 | WDC:1.7460 | AIV:-1.1501 | WAB:-1.2381 | WAT:1.5766 | EQR:-1.1330 | AFL:-1.3031 | MOS:-1.3047 | KMX:2.6109 | BIIB:-1.2719 | TDC:1.5161 | WY:-1.1852 | ZION:-2.4643 | GE:-1.6313 | LHX:-1.3030 | VLO:-2.3758 | VRTX:1.7328 | MPWR:1.7812 | DECK:1.1494 | ON:1.1662 | NRG:1.3179 | IVZ:1.3059 | FFIV:1.6126 | SJM:1.4862 | LYV:-1.8779,0.3545283708759205,0.12798184089243572
2009-09-28,0.002437813732240459,0.4750877945618577,1.4750877945618577,0.0035872442485531675,45,45,CRM:1.4899 | BKNG:1.9587 | PWR:-1.0415 | EW:-1.1339 | WSM:3.0000 | GRMN:1.6474 | DHI:1.3240 | EXPD:-1.0065 | PRU:1.6667 | BAC:1.8564 | TPL:-1.3288 | GLW:-1.1019 | VZ:-0.9850 | EA:-1.9436 | NEM:-1.0451 | BBT:-1.0507 | ACN:-1.0990 | AXON:-1.7665 | GILD:-1.4535 | AZO:-1.1263 | URI:1.8836 | SW:3.0000 | AXP:1.8787 | WDC:1.7128 | AIV:2.0522 | MOS:-0.9631 | BWA:-1.0865 | PG:-0.9882 | AMT:-1.1895 | INTU:-1.0557 | AAP:-1.1577 | URBN:1.5634 | LLY:-1.0558 | SBAC:-1.0657 | CTSH:1.4920 | PPL:-1.7580 | BKR:-1.7618 | ALGN:1.5932 | LEN:2.6389 | UNM:1.5263 | TFX:-1.1829 | XOM:-1.0400 | JBL:1.9405 | LYV:1.7137 | BX:1.6658,NOC:-1.1424 | KR:-1.4184 | PVH:1.6191 | NDAQ:-1.1943 | CMI:1.5468 | NFX:1.4889 | HRB:-1.3823 | POOL:2.2512 | EMN:1.9934 | CSGP:-1.1244 | MCO:-1.5342 | HOG:2.0427 | ISRG:2.8338 | F:2.6197 | ROK:1.7334 | NYT:1.6603 | SLM:-1.2999 | LDOS:-1.2151 | BK:-1.3470 | MCD:-1.3133 | PNC:-1.6082 | PRGO:-1.1966 | AKAM:-1.9260 | KLAC:1.5003 | WYNN:2.1256 | MAS:2.5785 | TT:2.5920 | CAT:1.5206 | MNST:-1.1716 | JBHT:-1.2145 | KIM:-1.6826 | SWKS:1.8909 | ICE:-1.4624 | AN:1.7996 | TDY:-1.1451 | BRO:-1.2109 | FCX:1.7746 | TXT:1.5188 | SYK:-1.2274 | LMT:-1.4871 | BDX:-1.5645 | DD:1.6480 | KEY:-1.1227 | SBUX:1.8585 | ATI:-2.0602,0.16037230536593436,0.16767985746120276
2009-10-28,0.002900326640577864,0.4793660309896166,1.4793660309896166,0.00427823642775893,43,43,KR:-1.4244 | ORLY:-1.2714 | CDNS:1.3643 | PVH:1.5374 | UNH:-1.7160 | ODFL:-1.7887 | NWL:1.4090 | NDAQ:-1.2392 | MSI:1.7579 | LH:-1.2379 | NTAP:1.4400 | TPR:1.3904 | MDLZ:-1.2602 | PHM:-1.7638 | HST:1.8021 | AMD:2.5877 | SNA:-1.1136 | AMP:1.8173 | MCO:-2.6065 | ISRG:2.2171 | ULTA:3.0000 | REGN:-1.6179 | AEE:-1.2929 | IRM:-1.4166 | UDR:1.8535 | LDOS:-1.4199 | CPRT:-1.1707 | KMX:2.2270 | WYNN:3.0000 | ELV:-1.5129 | XRX:-1.2591 | CNX:1.3629 | BSX:-1.1691 | DGX:-1.1077 | RL:1.4209 | WMT:-1.2400 | BRO:-1.1677 | TXT:2.4308 | BG:-1.1034 | DD:2.4322 | DECK:1.5854 | SPGI:-2.3161 | KEY:-1.1704,CRM:1.4899 | BKNG:1.9587 | PWR:-1.0415 | EW:-1.1339 | EXPD:-1.0065 | CNC:-1.6939 | PRU:1.6667 | BAC:1.8564 | TPL:-1.3288 | GLW:-1.1019 | EA:-1.9436 | IP:2.5521 | NEM:-1.0451 | FSLR:-2.5617 | COF:2.1427 | ACN:-1.0990 | AXON:-1.7665 | GILD:-1.4535 | AZO:-1.1263 | SW:3.0000 | AXP:1.8787 | WDC:1.7128 | CBRE:1.7363 | MOS:-0.9631 | BWA:-1.0865 | PG:-0.9882 | AMT:-1.1895 | TMUS:-3.0000 | INTU:-1.0557 | URBN:1.5634 | SBAC:-1.0657 | ABT:-0.9849 | CTSH:1.4920 | AME:-1.0760 | PPL:-1.7580 | ARE:1.7418 | BKR:-1.7618 | ALGN:1.5932 | LEN:2.6389 | UNM:1.5263 | TFX:-1.1829 | EXPE:1.8975 | BX:1.6658,0.052324417312817645,-0.007008168694322099
2009-11-27,0.11495819918662724,0.6494312858500513,1.6494312858500513,0.17006525486043467,50,50,DPZ:-1.6570 | STLD:-1.2036 | GOOGL:1.2381 | AMZN:2.6768 | TROW:1.1054 | CMCSA:-1.2630 | DRI:-1.2785 | ETN:1.1353 | NTRS:-1.6441 | NEE:-1.3298 | DAL:-1.6216 | IP:1.5104 | HAL:1.4260 | STT:-1.6031 | FSLR:-2.3455 | COF:1.5812 | AXON:-1.6763 | HOG:1.5090 | VMC:-1.3834 | SLM:1.3223 | TYL:1.2625 | BEN:1.4612 | SW:2.6800 | AXP:1.3636 | GOOG:1.2381 | PRGO:1.5473 | TMUS:-3.0000 | BIIB:-1.9579 | PTC:1.1692 | URBN:1.3966 | CAT:1.7892 | TT:1.2237 | ILMN:-2.3787 | IBKR:-1.7723 | ZION:-1.6798 | SWKS:-1.4796 | LHX:1.3938 | FCX:1.6612 | LMT:-1.4393 | NUE:-1.5786 | FLR:-1.2971 | ALGN:1.8935 | MTD:1.3288 | CMG:-1.2059 | ON:-1.3486 | NVDA:-1.5587 | NRG:-1.6175 | MSFT:1.2020 | FFIV:2.1179 | EL:1.8649,KR:-1.4244 | ORLY:-1.2714 | CDNS:1.3643 | PVH:1.5374 | GRMN:1.7034 | WSM:1.3616 | DHI:-1.4669 | NWL:1.4090 | UNH:-1.7160 | MSI:1.7579 | LH:-1.2379 | NTAP:1.4400 | VZ:-1.1006 | TPR:1.3904 | MDLZ:-1.2602 | HST:1.8021 | AMD:2.5877 | SNA:-1.1136 | AMP:1.8173 | INCY:1.3533 | BBT:-1.2661 | MCO:-2.6065 | STX:1.8303 | ISRG:2.2171 | ULTA:3.0000 | AEE:-1.2929 | URI:1.4905 | UDR:1.8535 | IRM:-1.4166 | LDOS:-1.4199 | AIV:2.2262 | CPRT:-1.1707 | KMX:2.2270 | WYNN:3.0000 | MU:1.6452 | LLY:-1.0968 | AAP:-1.4600 | ELV:-1.5129 | XRX:-1.2591 | CNX:1.3629 | DGX:-1.1077 | RL:1.4209 | WMT:-1.2400 | BRO:-1.1677 | TXT:2.4308 | BG:-1.1034 | DD:2.4322 | SPGI:-2.3161 | XOM:-1.0958 | LYV:1.8670,0.015564790325480549,0.3081035193913633
2009-12-27,-0.037521662798170104,0.5875418813336335,1.5875418813336335,-0.06188940451641778,42,42,BKNG:3.0000 | PWR:-2.3624 | DHI:-1.6172 | ANF:1.9089 | WBD:1.4065 | TPL:-1.2826 | NTAP:1.4762 | EA:-2.0240 | POOL:-1.6242 | AMD:3.0000 | RRC:-1.3099 | NEM:1.4719 | EMN:1.4141 | FICO:-1.6787 | INCY:3.0000 | BBT:-2.0125 | MCO:-1.2963 | ISRG:1.7359 | F:2.5998 | MUR:-1.4271 | TAP:-1.3422 | TLAB:-1.5211 | CVS:-2.0004 | CCI:1.8717 | IRM:-1.4535 | PNC:1.5367 | WYNN:2.5940 | MNST:-1.2581 | FDX:1.3969 | CTSH:1.4773 | BRO:-1.3490 | VLO:-2.3350 | TXT:1.7207 | HSIC:-1.2859 | GHC:-1.2270 | DD:2.0918 | A:1.3587 | SBUX:1.3598 | HSY:-1.5324 | TKO:1.4598 | RHI:-1.2859 | EXPE:1.4138,DPZ:-1.6570 | NDAQ:-1.7318 | GOOGL:1.2381 | CMCSA:-1.2630 | TROW:1.1054 | DRI:-1.2785 | ETN:1.1353 | NEE:-1.3298 | DAL:-1.6216 | HAL:1.4260 | COF:1.5812 | AXON:-1.6763 | VMC:-1.3834 | REGN:-1.9295 | TYL:1.2625 | BEN:1.4612 | SW:2.6800 | GOOG:1.2381 | PRGO:1.5473 | WHR:1.6543 | BIIB:-1.9579 | PTC:1.1692 | URBN:1.3966 | CAT:1.7892 | BSX:-2.3840 | IBKR:-1.7723 | SWKS:-1.4796 | LHX:1.3938 | LMT:-1.4393 | NUE:-1.5786 | DECK:1.4154 | ALGN:1.8935 | MTD:1.3288 | CMG:-1.2059 | ON:-1.3486 | NVDA:-1.5587 | NRG:-1.6175 | KEY:-2.0533 | MSFT:1.2020 | FFIV:2.1179 | EL:1.8649 | JBL:1.6943,0.14450559974030583,0.03163101149511423
2010-01-26,-0.003420151766193981,0.5821122471642832,1.5821122471642832,-0.0054296341693502725,45,45,CRM:1.9615 | KR:-1.8017 | MMC:-1.0232 | CDNS:-0.9710 | ITT:-1.0098 | ORLY:-1.0346 | AON:-1.0990 | WTW:-0.9974 | USB:-1.0170 | TER:1.8167 | BAC:-0.9722 | DAL:2.7305 | STX:2.2398 | TJX:-0.9733 | ULTA:1.3497 | ATI:2.1760 | NYT:3.0000 | REGN:2.1074 | CTAS:-1.4944 | GILD:-1.5615 | SW:1.1687 | WDC:1.9352 | AIV:1.9600 | CBRE:1.6678 | AA:2.2834 | KMX:2.1397 | WHR:1.1398 | ROST:-1.1034 | STE:-1.6335 | MU:3.0000 | BBY:-1.3300 | AVB:1.1387 | LUV:2.0740 | LMT:-1.1487 | ARE:1.4602 | MS:-1.2905 | TTWO:-1.5740 | OKE:1.1297 | NVDA:2.5530 | NRG:-1.1101 | KEY:-1.6777 | FFIV:1.4238 | XOM:-1.6544 | JBL:3.0000 | LYV:1.6790,BKNG:3.0000 | PWR:-2.3624 | STLD:1.6351 | DHI:-1.6172 | ODFL:-1.2499 | AMZN:1.9256 | WBD:1.4065 | TPL:-1.2826 | PHM:-1.3197 | EA:-2.0240 | NTRS:-1.5243 | POOL:-1.6242 | RRC:-1.3099 | IP:1.9150 | STT:-1.2417 | EMN:1.4141 | FICO:-1.6787 | FSLR:-1.8406 | BBT:-2.0125 | MCO:-1.2963 | TAP:-1.3422 | TLAB:-1.5211 | SLM:1.2959 | CVS:-2.0004 | CCI:1.8717 | AXP:2.3333 | PNC:1.5367 | TMUS:-1.8430 | WYNN:2.5940 | TT:1.3257 | FDX:1.3969 | MNST:-1.2581 | CTSH:1.4773 | VLO:-2.3350 | FCX:1.4529 | TXT:1.7207 | HSIC:-1.2859 | GHC:-1.2270 | DD:2.0918 | A:1.3587 | FLR:-1.6184 | SBUX:1.3598 | TKO:1.4598 | RHI:-1.2859 | EXPE:1.4138,0.4590556758249108,-0.04701064358831823
2010-02-25,0.09221824288327428,0.728011858641882,1.728011858641882,0.14589961147759878,45,45,O:1.1433 | COR:1.2422 | DPZ:2.6033 | UNH:1.1533 | STLD:-1.2065 | PWR:-1.7076 | ODFL:-1.3164 | NDAQ:-1.2315 | MSI:-2.1963 | MRK:1.1046 | TPL:-1.6054 | CMA:2.1886 | EA:-1.4090 | NEE:-1.0692 | MTB:1.5139 | FSLR:-2.2153 | AXON:1.9479 | BBT:-2.3677 | VMC:-1.5608 | MLM:-1.2591 | GS:-1.2427 | URI:-1.4415 | CME:-1.2577 | PRGO:2.0601 | AMAT:-1.1284 | KLAC:-1.9743 | TMUS:-2.9480 | BA:1.6022 | ELV:1.3733 | IBKR:-1.1462 | ICE:-1.3463 | FCX:-1.1821 | QCOM:-1.6625 | NUE:-1.2781 | BKR:1.1575 | MPWR:-1.3074 | ALGN:1.6594 | LEN:2.1786 | GPN:-1.2004 | ON:-1.4641 | IVZ:-1.4463 | EL:1.8659 | HUM:1.8705 | EXPE:-1.1279 | IT:2.0034,CRM:1.9615 | KR:-1.8017 | MMC:-1.0232 | CDNS:-0.9710 | ITT:-1.0098 | ORLY:-1.0346 | AON:-1.0990 | WTW:-0.9974 | ANF:-1.2712 | TER:1.8167 | BAC:-0.9722 | NTAP:1.4808 | AMD:3.0000 | NEM:-1.5066 | HOG:-1.2293 | STX:2.2398 | MUR:-1.3203 | TJX:-0.9733 | ATI:2.1760 | GILD:-1.5615 | CTAS:-1.4944 | LULU:2.1605 | IRM:-1.8568 | WDC:1.9352 | AIV:1.9600 | CBRE:1.6678 | KMX:2.1397 | WHR:1.1398 | ROST:-1.1034 | STE:-1.6335 | MU:3.0000 | BBY:-1.3300 | AVB:1.1387 | LUV:2.0740 | BRO:-1.0858 | LMT:-1.1487 | ARE:1.4602 | TTWO:-1.5740 | OKE:1.1297 | NVDA:2.5530 | HSY:-0.9877 | NRG:-1.1101 | FFIV:1.4238 | XOM:-1.6544 | JBL:3.0000,-0.30290266124419574,0.17127950127488697
2010-03-27,0.09046522520829833,0.88433684059653,1.88433684059653,0.15632498195464795,43,43,BKNG:2.0423 | CDNS:-1.2751 | AES:-1.7474 | CMI:2.2795 | WU:-2.4859 | CNC:-1.6089 | EXC:-1.4972 | ESRX:1.4244 | MA:-1.3710 | CRH:-1.6324 | SWK:1.4041 | HRB:-2.1936 | STZ:-1.2715 | PEG:-1.2326 | TSN:2.4397 | STX:2.4286 | DE:1.3589 | HAS:1.7670 | ROK:1.5769 | TAP:-1.4619 | CHRW:-1.4008 | KDP:1.3526 | EQR:1.4111 | FIS:-1.1644 | WHR:1.4906 | STE:1.6189 | VTRS:2.0812 | FE:-1.9623 | EME:-1.2762 | BSX:-2.4049 | LUV:1.7159 | SWKS:1.9578 | PPL:-1.3552 | ADSK:1.4104 | VLO:-1.2781 | BRO:-1.5349 | DECK:2.9425 | FLR:-1.7293 | APD:-1.9029 | EMR:1.3991 | NRG:-2.0731 | FFIV:1.6140 | CF:1.4269,O:1.1433 | COR:1.2422 | PWR:-1.7076 | UNH:1.1533 | STLD:-1.2065 | ODFL:-1.3164 | NDAQ:-1.2315 | MSI:-2.1963 | USB:1.2945 | MRK:1.1046 | TPL:-1.6054 | CMA:2.1886 | MTB:1.5139 | INCY:2.7763 | BBT:-2.3677 | MLM:-1.2591 | ULTA:1.9498 | GS:-1.2427 | REGN:2.1194 | NYT:1.9797 | SW:1.4041 | CME:-1.2577 | AA:-1.3686 | AMAT:-1.1284 | KLAC:-1.9743 | TMUS:-2.9480 | BA:1.6022 | ELV:1.3733 | ILMN:1.1643 | IBKR:-1.1462 | ZION:2.3174 | ICE:-1.3463 | FCX:-1.1821 | NUE:-1.2781 | BKR:1.1575 | ALGN:1.6594 | LEN:2.1786 | MS:-1.1671 | KEY:1.9224 | ON:-1.4641 | IVZ:-1.4463 | HUM:1.8705 | EXPE:-1.1279,0.0298315810447187,0.049931400870608406
2010-04-26,-0.03770819829246997,0.8132818933615096,1.8132818933615096,-0.07105494723502037,42,42,KR:-1.2286 | PWR:-1.3860 | WSM:2.1893 | PVH:2.6898 | GRMN:1.4154 | TECH:-1.1529 | ANF:2.2844 | MSI:-1.0868 | HST:2.3639 | AMD:2.0449 | RRC:-1.7905 | STT:-1.1906 | INCY:3.0000 | BBT:-1.2659 | MSCI:1.3259 | ULTA:2.3082 | ADM:-1.2818 | ATI:2.5337 | GILD:-1.4909 | LULU:3.0000 | HP:-1.5526 | LDOS:-2.0094 | SW:-1.5597 | CBRE:1.7583 | AKAM:1.8809 | MET:1.2503 | PCAR:1.3785 | PFE:-1.2003 | KMX:1.8407 | WYNN:1.6144 | BA:1.5476 | URBN:1.3391 | TDC:-1.3337 | ABT:-1.1052 | EG:-1.5278 | CTRA:-1.8518 | CNX:-2.2394 | IBKR:-1.8657 | ZION:1.7540 | EQT:-1.5822 | UNM:1.2923 | NOV:-1.5811,CDNS:-1.2751 | CMI:2.2795 | WU:-2.4859 | ESRX:1.4244 | MA:-1.3710 | CRH:-1.6324 | SWK:1.4041 | HRB:-2.1936 | EA:-1.1918 | NEE:-1.5955 | STZ:-1.2715 | FSLR:-2.3773 | VMC:-1.2490 | STX:2.4286 | ISRG:1.4495 | F:1.7865 | HAS:1.7670 | DE:1.3589 | ROK:1.5769 | TAP:-1.4619 | URI:-1.6539 | CHRW:-1.4008 | KDP:1.3526 | EQR:1.4111 | FIS:-1.1644 | WHR:1.4906 | STE:1.6189 | VTRS:2.0812 | EME:-1.2762 | LUV:1.7159 | SWKS:1.9578 | ADSK:1.4104 | VLO:-1.2781 | BRO:-1.5349 | QCOM:-1.9720 | MPWR:-1.2449 | GPN:-1.2693 | FLR:-1.7293 | APD:-1.9029 | EMR:1.3991 | FFIV:1.6140 | IT:1.4482,0.2268686021833274,-0.03705983929945283
2010-05-26,-0.15399899903653833,0.5340382968127579,1.534038296812758,-0.27924359654875164,43,43,CRM:1.4827 | STLD:-1.6206 | CMI:1.9296 | TEL:1.5588 | EXR:1.7906 | GOOGL:-1.3109 | BLK:-2.3113 | ESS:1.5817 | FICO:-1.9886 | CI:-1.5886 | MCO:-2.0060 | HOG:1.7497 | GS:-2.2576 | TLAB:1.9512 | NYT:-1.4675 | TYL:-1.6233 | URI:3.0000 | UDR:1.6011 | GOOG:-1.3109 | IRM:-1.4431 | MOS:-2.0337 | AIV:2.5418 | EQR:1.8117 | WHR:2.4839 | FAST:1.3878 | ELV:-1.9949 | EOG:1.5507 | MAR:1.6656 | AVB:2.0372 | BAX:-2.6112 | ADSK:1.4548 | FCX:-1.3440 | QCOM:-1.6934 | BG:-2.2910 | ALGN:-1.3327 | LEN:1.5481 | GPN:-1.4805 | CMG:1.9658 | KEY:1.6743 | NVDA:-1.3110 | EBAY:-1.5050 | FFIV:1.4344 | RHI:-1.3291,BKNG:1.4954 | KR:-1.2286 | PWR:-1.3860 | AES:-2.1581 | GRMN:1.4154 | TECH:-1.1529 | ANF:2.2844 | CNC:1.9539 | MSI:-1.0868 | EXC:-1.3220 | DAL:1.9620 | AMD:2.0449 | PEG:-1.2451 | RRC:-1.7905 | TSN:1.6250 | INCY:3.0000 | BBT:-1.2659 | MSCI:1.3259 | ULTA:2.3082 | ADM:-1.2818 | ATI:2.5337 | LULU:3.0000 | HP:-1.5526 | LDOS:-2.0094 | SW:-1.5597 | CBRE:1.7583 | MET:1.2503 | PFE:-1.2003 | PCAR:1.3785 | KMX:1.8407 | BA:1.5476 | URBN:1.3391 | TDC:-1.3337 | ABT:-1.1052 | CTRA:-1.8518 | CNX:-2.2394 | IBKR:-1.8657 | EQT:-1.5822 | DECK:2.1037 | NRG:-2.0835 | UNM:1.2923 | EL:1.3488 | NOV:-1.5811,0.008063135672460572,0.11455363659563371
2010-06-25,-0.002787555950328276,0.529762079230446,1.529762079230446,-0.004276217582311892,43,43,BKNG:-1.9762 | TSCO:1.5533 | ORLY:1.9198 | DLTR:1.4798 | AES:-1.3458 | HOLX:-1.2943 | FLS:-1.2359 | SCHW:-1.2720 | NTAP:2.0692 | MA:-1.6881 | CRH:-1.7606 | DAL:2.3987 | FIX:-1.6445 | HAL:-1.7652 | FSLR:-1.9082 | INCY:1.4160 | V:-1.6588 | STX:-1.3539 | HAS:1.7460 | ULTA:2.7977 | SLB:-1.7871 | REGN:2.3602 | LULU:2.5845 | AZO:1.4793 | MCK:1.5987 | WDC:-1.2813 | KDP:2.4552 | AA:-1.2762 | TMUS:2.3007 | AAP:2.4004 | TDC:1.5853 | MAS:-1.2990 | CNX:-1.9437 | BR:-1.6818 | BKR:-2.0405 | UHS:2.6736 | DECK:2.1963 | MPWR:-1.9711 | SPGI:-1.4605 | IVZ:-1.6808 | ATI:1.9057 | BX:-2.3665 | IT:1.4520,DPZ:2.0844 | PVH:1.5543 | STLD:-1.6206 | CMI:1.9296 | TEL:1.5588 | GOOGL:-1.3109 | BLK:-2.3113 | HST:1.5552 | ESS:1.5817 | FICO:-1.9886 | CI:-1.5886 | AXON:-2.3262 | HOG:1.7497 | GS:-2.2576 | NYT:-1.4675 | TYL:-1.6233 | URI:3.0000 | IRM:-1.4431 | GOOG:-1.3109 | MOS:-2.0337 | AIV:2.5418 | WHR:2.4839 | FAST:1.3878 | WYNN:1.7533 | FE:-1.3989 | EOG:1.5507 | ELV:-1.9949 | MAR:1.6656 | AVB:2.0372 | EG:-1.4483 | ZION:3.0000 | PPL:-2.0901 | ADSK:1.4548 | FCX:-1.3440 | QCOM:-1.6934 | BG:-2.2910 | ALGN:-1.3327 | LEN:1.5481 | GPN:-1.4805 | KEY:1.6743 | EBAY:-1.5050 | RHI:-1.3291 | LYV:1.7821,0.06233632739455263,-0.030160483643164985
2010-07-25,0.0356177392788196,0.5842487461271009,1.5842487461271009,0.05448666689665482,37,37,COR:1.5737 | EW:2.6642 | BMY:1.5964 | DHI:-1.8226 | AVGO:1.4713 | ANF:-1.3981 | BLK:-1.9837 | PHM:-2.3887 | NEM:2.7527 | MTB:1.9861 | BBT:1.2522 | AXON:-1.5198 | HOG:-2.1770 | WEC:1.2226 | URI:-1.6505 | MOS:-1.9477 | AMT:1.8161 | ROST:1.2102 | FAST:1.1965 | BBY:-1.7676 | ILMN:1.6881 | FDX:-1.4277 | WY:-1.5632 | DLR:1.4406 | SWKS:1.8775 | FCX:-1.7054 | TXT:-1.6353 | GPN:-1.4799 | LEN:-1.4997 | MS:-1.5776 | TTWO:-1.8587 | AOS:1.2100 | HSY:1.6755 | ADBE:-1.9238 | NOV:-1.4696 | ERIE:1.2094 | SJM:1.5881,BKNG:-1.9762 | TSCO:1.5533 | ORLY:1.9198 | WSM:2.1337 | HOLX:-1.2943 | FLS:-1.2359 | EXR:1.6015 | MA:-1.6881 | CRH:-1.7606 | DAL:2.3987 | FIX:-1.6445 | HAL:-1.7652 | FSLR:-1.9082 | INCY:1.4160 | V:-1.6588 | MCO:-1.7599 | ULTA:2.7977 | SLB:-1.7871 | GILD:-1.2397 | LULU:2.5845 | UDR:1.5252 | MCK:1.5987 | EQR:1.7076 | TMUS:2.3007 | TDC:1.5853 | CNX:-1.9437 | BAX:-1.4744 | BSX:-1.8471 | BR:-1.6818 | BKR:-2.0405 | UHS:2.6736 | MPWR:-1.9711 | SPGI:-1.4605 | IVZ:-1.6808 | ATI:1.9057 | CF:-2.0088 | IT:1.4520,-0.09096908909953556,-0.1262982238318591
2010-08-24,0.09680719387542608,0.7376154216403277,1.7376154216403277,0.1533666755132268,49,49,BKNG:1.5024 | TSCO:1.3032 | CDNS:1.2234 | EXPD:1.9016 | GRMN:-1.3483 | ODFL:1.2900 | CMI:2.5540 | EXR:1.2700 | BAC:-1.3771 | ETN:1.4570 | CRH:-1.2583 | HRB:-1.2802 | RRC:-2.2359 | INCY:1.5033 | DE:1.7062 | F:1.9736 | NVR:-1.3802 | DVA:-1.5005 | NYT:-1.2909 | GILD:-1.8436 | LULU:1.1939 | CHRW:1.2663 | BWA:1.5396 | UDR:1.2300 | FHN:-1.1937 | CBRE:2.1362 | RVTY:-1.4250 | TFC:-1.5670 | WYNN:1.4463 | INTU:1.3200 | URBN:-1.4115 | MU:-2.5611 | CAT:1.3372 | XRX:1.2930 | AVB:1.3515 | TMO:-1.6645 | DXC:-1.2314 | CTRA:-1.7629 | BSX:-2.0756 | DGX:-1.7479 | ICE:-1.2392 | AN:2.4042 | ADSK:1.2463 | VLO:-1.3463 | SYK:-1.6385 | BG:-1.2591 | A:-1.1915 | MPWR:-1.5276 | LYV:-2.2337,COR:1.5737 | EW:2.6642 | AES:-1.4032 | DLTR:1.3830 | BMY:1.5964 | DHI:-1.8226 | AVGO:1.4713 | ANF:-1.3981 | SCHW:-1.4742 | BLK:-1.9837 | PHM:-2.3887 | NEM:2.7527 | MTB:1.9861 | STT:-1.4118 | BBT:1.2522 | AXON:-1.5198 | HOG:-2.1770 | WEC:1.2226 | HAS:1.8051 | REGN:-1.4205 | TLAB:-1.7209 | MOS:-1.9477 | AKAM:2.1478 | KDP:1.5674 | PRGO:1.7536 | AA:-1.6829 | AMT:1.8161 | ROST:1.2102 | FAST:1.1965 | AAP:1.2733 | BBY:-1.7676 | ILMN:1.6881 | FDX:-1.4277 | DLR:1.4406 | SWKS:1.8775 | FCX:-1.7054 | TXT:-1.6353 | DECK:1.6801 | GPN:-1.4799 | LEN:-1.4997 | MS:-1.5776 | TTWO:-1.8587 | AOS:1.2100 | HSY:1.6755 | ADBE:-1.9238 | NOV:-1.4696 | ERIE:1.2094 | SJM:1.5881 | BX:-1.5233,-0.10493473062619937,0.01676241910431465
2010-09-23,0.13890241656550803,0.9789744027676632,1.9789744027676632,0.24135898112733556,42,42,SO:1.2386 | DLTR:1.4256 | WFC:-1.3481 | SCHW:-1.6221 | TER:-1.3717 | TPL:1.7909 | BLK:-1.3223 | CMS:1.8745 | AMD:-2.7502 | IP:-1.3276 | NEM:1.8417 | MDT:-1.6318 | AXON:-1.5251 | VMC:-1.8046 | WEC:1.2232 | ISRG:-1.7461 | ADM:1.7528 | NI:1.4657 | AEE:1.6769 | IRM:-1.2836 | SW:1.3833 | MOS:2.0583 | AKAM:3.0000 | MCD:1.3366 | MKTX:1.2983 | ES:1.3083 | AAP:1.4402 | MNST:1.5042 | CNX:-1.6471 | CTSH:1.4931 | TXT:-1.5074 | HPQ:-1.6465 | GHC:-1.3420 | BKR:-1.8147 | ERIE:1.9819 | TTWO:-1.6448 | EBAY:1.2853 | RHI:-1.3227 | JBL:-2.6862 | TDG:1.5059 | CF:1.8683 | IT:2.5286,TSCO:1.3032 | CDNS:1.2234 | EXPD:1.9016 | GRMN:-1.3483 | ODFL:1.2900 | CMI:2.5540 | EXR:1.2700 | BAC:-1.3771 | NTAP:1.4907 | ETN:1.4570 | INCY:1.5033 | DE:1.7062 | F:1.9736 | NVR:-1.3802 | GILD:-1.8436 | AZO:1.1864 | URI:2.8230 | CHRW:1.2663 | BWA:1.5396 | UDR:1.2300 | RVTY:-1.4250 | CBRE:2.1362 | TFC:-1.5670 | WYNN:1.4463 | URBN:-1.4115 | MAS:-2.0694 | WY:1.3446 | CAT:1.3372 | XRX:1.2930 | TMO:-1.6645 | CTRA:-1.7629 | DGX:-1.7479 | ICE:-1.2392 | AN:2.4042 | ADSK:1.2463 | VLO:-1.3463 | SYK:-1.6385 | BG:-1.2591 | A:-1.1915 | MPWR:-1.5276 | NVDA:-2.7170 | LYV:-2.2337,0.16518016995556647,0.14705606916209066
2010-10-23,0.1075793547108436,1.1918711920066856,2.1918711920066856,0.21289678923902233,47,47,TSCO:1.3450 | EW:1.4815 | WSM:1.6287 | PVH:2.0914 | STLD:-1.1403 | CMI:2.1775 | USB:-1.1384 | AMZN:1.8053 | BAC:-1.3104 | NTAP:2.2142 | TSN:-1.3321 | ETR:-1.2382 | MTB:-1.2489 | EMN:1.4544 | INCY:2.3035 | ULTA:2.3224 | CAG:-1.1601 | CPB:-1.1817 | URI:2.9003 | BWA:1.8888 | CME:-1.1441 | JCI:-1.1304 | PNC:-1.3278 | CPRT:-1.3172 | KMX:2.3275 | TRMB:1.8011 | TMUS:1.6126 | KLAC:1.4513 | URBN:-1.1401 | LII:-1.2034 | TDC:1.3245 | BBY:1.4228 | CAT:1.5851 | MAS:-1.3740 | CTRA:-1.1427 | SWKS:1.3461 | LMT:-1.1178 | MPWR:-1.8930 | ALGN:1.2070 | MS:-1.4652 | NRG:-1.1674 | FTNT:2.3656 | TKO:-1.3078 | MSFT:-1.1413 | ADBE:-2.2488 | EXPE:1.6698 | WST:-1.2694,CRM:2.6247 | SO:1.2386 | DLTR:1.4256 | WFC:-1.3481 | SCHW:-1.6221 | TER:-1.3717 | BLK:-1.3223 | CMS:1.8745 | AMD:-2.7502 | RRC:-1.3486 | IP:-1.3276 | NEM:1.8417 | STX:-2.5619 | WEC:1.2232 | ISRG:-1.7461 | DVA:1.5652 | ADM:1.7528 | NI:1.4657 | AEE:1.6769 | IRM:-1.2836 | SW:1.3833 | MOS:2.0583 | FHN:-1.3546 | WDC:-1.6524 | MCD:1.3366 | MKTX:1.2983 | ES:1.3083 | INTU:2.0626 | AAP:1.4402 | MU:-1.6096 | MNST:1.5042 | AVB:1.2580 | CNX:-1.6471 | BSX:-1.2799 | CTSH:1.4931 | DXC:-1.3815 | TXT:-1.5074 | HPQ:-1.6465 | GHC:-1.3420 | BKR:-1.8147 | ERIE:1.9819 | TTWO:-1.6448 | EBAY:1.2853 | RHI:-1.3227 | TDG:1.5059 | CF:1.8683 | IT:2.5286,0.22523085338921853,0.13013485713316408
2010-11-22,0.08239652916393729,1.3724737706024581,2.372473770602458,0.18060257859577256,41,41,CDNS:1.3198 | DHI:-1.5656 | FLS:-1.3886 | GOOGL:1.4563 | TPR:1.8113 | HUM:1.5045 | PHM:-2.3376 | DAL:1.3939 | RRC:-1.3851 | COF:-1.4249 | ISRG:-2.0133 | F:1.2354 | TLAB:-1.6670 | CVS:-1.2483 | LEG:-1.6259 | LDOS:-1.2774 | GOOG:1.4563 | MOS:2.5828 | ZBH:-1.9891 | BK:-1.3022 | FHN:-2.3175 | TFC:-1.4445 | WHR:-1.6979 | WYNN:2.4475 | AAP:1.5167 | INTU:1.2682 | FE:-1.2410 | XRX:1.3447 | ILMN:1.3265 | AME:1.5346 | ADSK:1.4156 | FCX:1.3377 | EQIX:-2.2180 | DECK:1.7780 | GPN:-1.6453 | SPGI:1.2369 | EBAY:2.2721 | LEN:-1.4150 | NOV:2.3104 | LYV:-1.6985 | CF:2.7525,TSCO:1.3450 | EW:1.4815 | WSM:1.6287 | PVH:2.0914 | STLD:-1.1403 | CMI:2.1775 | USB:-1.1384 | AMZN:1.8053 | TPL:3.0000 | CRH:-1.6013 | EXPE:1.6698 | TSN:-1.3321 | ETR:-1.2382 | EMN:1.4544 | MDT:-1.2438 | INCY:2.3035 | AXON:-1.4430 | ULTA:2.3224 | CAG:-1.1601 | CPB:-1.1817 | LULU:2.1867 | CME:-1.1441 | AKAM:1.2648 | JCI:-1.1304 | PNC:-1.3278 | CPRT:-1.3172 | TRMB:1.8011 | TMUS:1.6126 | KLAC:1.4513 | URBN:-1.1401 | LII:-1.2034 | TDC:1.3245 | BBY:1.4228 | CAT:1.5851 | LMT:-1.1178 | MS:-1.4652 | TKO:-1.3078 | MSFT:-1.1413 | ADBE:-2.2488 | JBL:1.1788 | WST:-1.2694,0.058518506663174374,0.19060653570562294
